+//3//f/9AF8-id,District,Post Office,Postal/Pin Code,Post Office Type,Latitude,Longitude
1,Achham,Achham,10700,D.P.O.,29.2003365,81.2768206
2,Achham,Chaurpati,10701,A.P.O.,29.2024646,81.1282174
3,Achham,Srikot,10702,A.P.O.,29.0664802,81.2934887
4,Achham,Thanti,10703,A.P.O.,29.0664802,81.2934887
5,Achham,Mellekh,10704,A.P.O.,29.2670531,81.3191797
6,Achham,Bayalpata,10705,A.P.O.,29.2017581,81.2310175
7,Achham,Bhatakatiya,10706,A.P.O.,29.2025994,81.4094566
8,Achham,Jayagadh,10707,A.P.O.,29.1933913,81.3000082
9,Achham,Kalagaun,10709,A.P.O.,29.1565573,81.3374854
10,Achham,Kuchikot,10710,A.P.O.,29.0664802,81.2934887
11,Achham,Kamal bazar,10711,A.P.O.,29.0523645,81.3405529
12,Achham,Dhakari,10712,A.P.O.,28.9769828,81.2246906
13,Achham,Turmakhad,10713,A.P.O.,28.8874079,81.4882467
14,Arghakhanchi,Arghakhanchi,32700,D.P.O.,27.9856727,83.1224498
15,Arghakhanchi,Balkot,32701,A.P.O.,27.9708677,83.2443328
16,Arghakhanchi,Arghatosh,32702,A.P.O.,28.0311121,83.1953317
17,Arghakhanchi,Khana,32703,A.P.O.,28.0398939,83.1241067
18,Arghakhanchi,Wangla,32704,A.P.O.,27.9799861,83.1547392
19,Arghakhanchi,Hamshapur,32705,A.P.O.,27.9318733,83.1459594
20,Arghakhanchi,Thada,32706,A.P.O.,27.861368,83.09597
21,Arghakhanchi,Khilji,32708,A.P.O.,27.9318733,83.1459594
22,Arghakhanchi,Khidim,32709,A.P.O.,27.9318733,83.1459594
23,Arghakhanchi,Pali,32710,A.P.O.,27.92734,83.22826
24,Arghakhanchi,Dhikura,32711,A.P.O.,27.9318733,83.1459594
25,Arghakhanchi,Argha,32712,A.P.O.,28.0141524,83.1062954
26,Arghakhanchi,Subarnakhal,32713,A.P.O.,27.9318733,83.1459594
27,Baglung,Baglung,33300,D.P.O.,28.2651055,83.6029924
28,Baglung,Pala,33302,A.P.O.,28.2721764,83.5528922
29,Baglung,Bihukot,33303,A.P.O.,28.3562466,83.1426241
30,Baglung,Harichaur,33304,A.P.O.,28.3562466,83.1426241
31,Baglung,Balewa Payupata,33305,A.P.O.,28.3562466,83.1426241
32,Baglung,Jaidi Belbagar,33306,A.P.O.,28.3562466,83.1426241
33,Baglung,Bereng,33307,A.P.O.,28.3562466,83.1426241
34,Baglung,Galkot,33308,A.P.O.,28.2505321,83.3823394
35,Baglung,Pandavkhani,33309,A.P.O.,28.3562466,83.1426241
36,Baglung,Arnakot,33310,A.P.O.,28.3562466,83.1426241
37,Baglung,Khrwang,33311,A.P.O.,28.3562466,83.1426241
38,Baglung,Bongadovan,33312,A.P.O.,28.3562466,83.1426241
39,Baglung,Jhimpa,33313,A.P.O.,28.3562466,83.1426241
40,Baglung,Kusmi Shera,33314,A.P.O.,28.3562466,83.1426241
41,Baitadi,Baitadi,10200,D.P.O.,29.524227,80.467293
42,Baitadi,Kesharpur,10201,A.P.O.,29.5086945,80.5585666
43,Baitadi,Patan,10202,A.P.O.,29.450609,80.5824301
44,Baitadi,Khodpe,10203,A.P.O.,29.4371032,80.6368245
45,Baitadi,Mulkhatali,10204,A.P.O.,29.5086945,80.5585666
46,Baitadi,Gajari Changgad,10205,A.P.O.,29.5086945,80.5585666
47,Baitadi,Dehimandau,10207,A.P.O.,29.5247685,80.4668394
48,Baitadi,Sharmali,10209,A.P.O.,29.3610016,80.3278352
49,Baitadi,Srikot,10210,A.P.O.,29.5859968,80.5327681
50,Baitadi,Dilasaini,10211,A.P.O.,29.6601796,80.6057319
51,Baitadi,Swopana Taladehi,10212,A.P.O.,29.5086945,80.5585666
52,Baitadi,Purchaudihat,10213,A.P.O.,29.5086945,80.5585666
53,Baitadi,Sitad,10214,A.P.O.,29.5086945,80.5585666
54,Baitadi,Dhungad,10215,A.P.O.,29.5086945,80.5585666
55,Bajhang,Bajhang,10500,D.P.O.,29.5379843,81.1825945
56,Bajhang,Talkot,10501,A.P.O.,29.6869522,81.2752687
57,Bajhang,Jamatola,10502,A.P.O.,29.7224463,81.246348
58,Bajhang,Jaya Prithivi Nagar,10505,A.P.O.,29.7224463,81.246348
59,Bajhang,Chhanna,10506,A.P.O.,29.4561,81.1611107
60,Bajhang,Chaudhari,10507,A.P.O.,29.7224463,81.246348
61,Bajhang,Rayal,10508,A.P.O.,29.4646325,80.9545467
62,Bajhang,Thalara,10509,A.P.O.,29.4510421,80.9944021
63,Bajhang,Bungal,10510,A.P.O.,29.690259,80.947756
64,Bajhang,Shayadi,10511,A.P.O.,29.7224463,81.246348
65,Bajura,Bajura,10600,D.P.O.,29.5028857,81.6685007
66,Bajura,Dandakot,10602,A.P.O.,29.5028857,81.6685007
67,Bajura,Jukot,10603,A.P.O.,29.4574996,81.7327581
68,Bajura,Faiti,10604,A.P.O.,29.5028857,81.6685007
69,Bajura,Kolti,10605,A.P.O.,29.504541,81.667831
70,Bajura,Manakot,10606,A.P.O.,29.4788673,81.3882534
71,Bajura,Dogadi,10607,A.P.O.,29.4207221,81.2864986
72,Bajura,Tate,10608,A.P.O.,29.5028857,81.6685007
73,Bajura,Chhatara,10609,A.P.O.,29.5028857,81.6685007
74,Banke,Banke,21900,D.P.O.,28.1535128,81.5232106
75,Banke,Suiya,21901,A.P.O.,27.8660619,81.920534
76,Banke,Bhojbhagawanpur,21902,A.P.O.,26.9477191,85.7200188
77,Banke,Khaskusma,21903,A.P.O.,26.9477191,85.7200188
78,Banke,Kohalapur,21904,A.P.O.,26.9477191,85.7200188
79,Banke,Ramjha,21905,A.P.O.,26.9477191,85.7200188
80,Banke,Udayapur,21907,A.P.O.,28.0221259,81.6500946
81,Banke,Chisapani,21910,A.P.O.,28.2766447,81.6585895
82,Banke,Godahana,21911,A.P.O.,26.9477191,85.7200188
83,Banke,Jayaspur,21912,A.P.O.,28.033536,81.5997977
84,Banke,Khajura,21913,A.P.O.,28.1217585,81.5507556
85,Banke,Chandranagar,21914,A.P.O.,26.9477191,85.7200188
86,Bara,Bara,44400,D.P.O.,27.0019023,85.0927878
87,Bara,Nijgadh,44401,A.P.O.,27.2410483,85.1449002
88,Bara,Mahendra Adarsha,44402,A.P.O.,27.107328,85.0693391
89,Bara,Simraungadh,44403,A.P.O.,26.8998699,85.1307691
90,Bara,Umjan,44404,A.P.O.,27.0341334,85.1107221
91,Bara,Bariyarpur,44405,A.P.O.,26.9886271,85.0506609
92,Bara,Kabahigoth,44406,A.P.O.,26.9642987,85.0830251
93,Bara,Dumarwana,44408,A.P.O.,27.1443005,85.0068665
94,Bara,Pipradhigoth,44410,A.P.O.,27.107328,85.0693391
95,Bara,Basantapur,44411,A.P.O.,27.107328,85.0693391
96,Bara,Simara,44412,A.P.O.,27.1604122,84.9765794
97,Bara,Parsoni,44413,A.P.O.,27.107328,85.0693391
98,Bara,Amalekhgunj,44416,A.P.O.,27.107328,85.0693391
99,Bara,Jeetpur (Bhavanipur),44417,A.P.O.,27.107328,85.0693391
100,Bardiya,Bardiya,21800,D.P.O.,28.3598172,81.2813978
101,Bardiya,Jamuni,21801,A.P.O.,28.1222649,81.4864637
102,Bardiya,Mainapokhar,21802,A.P.O.,28.1844354,81.4822079
103,Bardiya,Motipur,21803,A.P.O.,28.3714635,81.4515431
104,Bardiya,Magaragadi,21804,A.P.O.,28.3714635,81.4515431
105,Bardiya,Baganaha,21808,A.P.O.,28.3714635,81.4515431
106,Bardiya,Bhurigaun,21809,A.P.O.,28.3714635,81.4515431
107,Bardiya,Rajapur,21811,A.P.O.,28.431049,81.1250352
108,Bardiya,Pashupatinagar,21813,A.P.O.,28.3714635,81.4515431
109,Bardiya,Sanoshri,21814,A.P.O.,28.3714635,81.4515431
110,Bhaktapur,Bhaktapur,44800,D.P.O.,27.704332,85.452118
111,Bhaktapur,Dubakot,44802,A.P.O.,27.704332,85.452118
112,Bhaktapur,Kharipati,44804,A.P.O.,27.7027371,85.4707163
113,Bhaktapur,Tathali,44805,A.P.O.,27.6654025,85.4671825
114,Bhaktapur,Jorpati,44806,A.P.O.,27.6971204,85.3932297
115,Bhaktapur,Gamcha,44809,A.P.O.,27.6556938,85.3898979
116,Bhaktapur,Dibyashwori,44810,A.P.O.,27.683275,85.4252864
117,Bhaktapur,Thimi,44811,A.P.O.,27.6732593,85.3864013
118,Bhaktapur,Nagarkot,44812,A.P.O.,27.7183803,85.5179273
119,Bhojpur,Bhojpur,57000,D.P.O.,27.1879842,87.0498443
120,Bhojpur,Kulung Agrakhe,57001,A.P.O.,27.1743038,87.0934775
121,Bhojpur,Dingla,57002,A.P.O.,27.3567136,87.1359459
122,Bhojpur,Deurali,57003,A.P.O.,27.1757335,87.0405038
123,Bhojpur,Pyauli,57004,A.P.O.,27.1743038,87.0934775
124,Bhojpur,Yaku,57005,A.P.O.,27.1884553,87.1824412
125,Bhojpur,Bastim,57006,A.P.O.,27.0896875,87.1529927
126,Bhojpur,Timma,57008,A.P.O.,27.1743038,87.0934775
127,Bhojpur,Dilpa Annapurna,57009,A.P.O.,27.1743038,87.0934775
128,Bhojpur,Bhulke,57010,A.P.O.,27.152096,86.9787111
129,Bhojpur,Baikunthe,57011,A.P.O.,27.1743038,87.0934775
130,Bhojpur,Ranibas,57012,A.P.O.,26.9876632,87.1173149
131,Bhojpur,Walangkha,57013,A.P.O.,27.1743038,87.0934775
132,Bhojpur,Tiwari Bhanjyang,57014,A.P.O.,27.1799332,87.1352419
133,Bhojpur,Dobhane,57015,A.P.O.,27.1743038,87.0934775
134,Chitawan,Chitwan,44200,D.P.O.,27.6742191,85.3147475
135,Chitawan,Ratnanagar,44204,A.P.O.,27.6742191,85.3147475
136,Chitawan,Mugling,44206,A.P.O.,27.6742191,85.3147475
137,Chitawan,Narayangadh,44207,A.P.O.,27.6742191,85.3147475
138,Chitawan,Rampur,44209,A.P.O.,27.6742191,85.3147475
139,Chitawan,Soshi Bazar,44212,A.P.O.,27.6742191,85.3147475
140,Chitawan,Harinagar,44213,A.P.O.,27.6742191,85.3147475
141,Chitawan,Madi,44214,A.P.O.,27.6742191,85.3147475
142,Chitwan,Bhandara,44202,A.P.O.,27.6010215,84.6443578
143,Chitwan,Khairahani,44203,A.P.O.,27.6111824,84.573518
144,Chitwan,Jutpani,44205,A.P.O.,27.6874208,84.5212151
145,Chitwan,Phulbari,44208,A.P.O.,27.6462714,84.408512
146,Chitwan,Meghauli,44210,A.P.O.,27.581228,84.234863
147,Chitwan,Patihani,44211,A.P.O.,27.5803247,84.361963
148,Dadeldhura,Dadeldhura,10300,D.P.O.,29.2122921,80.6228015
149,Dadeldhura,Ugratara,10302,A.P.O.,29.3318973,80.6045053
150,Dadeldhura,Dandaban,10303,A.P.O.,29.2091933,80.5008657
151,Dadeldhura,Ganeshpur,10304,A.P.O.,29.2091933,80.5008657
152,Dadeldhura,Gaira Ganesh,10305,A.P.O.,29.2091933,80.5008657
153,Dadeldhura,Jogbudha,10306,A.P.O.,29.1250158,80.3410134
154,Dadeldhura,Lamikande,10307,A.P.O.,29.2091933,80.5008657
155,Dadeldhura,Chipur,10308,A.P.O.,29.2091933,80.5008657
156,Dadeldhura,Ajayameru,10309,A.P.O.,29.3333268,80.5227956
157,Dailekh,Dailekh,21600,D.P.O.,28.8176782,81.7022952
158,Dailekh,Gaidabaj,21602,A.P.O.,28.8850646,81.6997165
159,Dailekh,Naumule,21603,A.P.O.,28.9253764,81.8426693
160,Dailekh,Byastada,21604,A.P.O.,28.8850646,81.6997165
161,Dailekh,Dhungeshwor,21605,A.P.O.,28.781131,81.580604
162,Dailekh,Malika,21607,A.P.O.,28.8024736,81.6399544
163,Dailekh,Dullu,21608,A.P.O.,28.8330835,81.6085114
164,Dailekh,Jambu Kandha,21609,A.P.O.,28.8850646,81.6997165
165,Dailekh,Rakam Karnali,21610,A.P.O.,29.055168,81.4602231
166,Dang,Dang,22400,D.P.O.,27.8564445,82.6043118
167,Dang,Hapur,22402,A.P.O.,28.0923721,82.420956
168,Dang,Jumlepani,22403,A.P.O.,27.9788799,82.4684176
169,Dang,Bhaluwang,22404,A.P.O.,27.9788799,82.4684176
170,Dang,Koilabas,22405,A.P.O.,27.9788799,82.4684176
171,Dang,Jangrahawa,22406,A.P.O.,27.8731912,82.3593814
172,Dang,Rampur,22407,A.P.O.,28.069074,82.1889299
173,Dang,Urahari,22408,A.P.O.,28.0538525,82.2606374
174,Dang,Hekuli,22409,A.P.O.,28.0956077,82.2042748
175,Dang,Panchakule,22410,A.P.O.,28.1704936,82.1422353
176,Dang,Shantinagar,22411,A.P.O.,28.1779089,82.1992568
177,Dang,Tulsipur,22412,A.P.O.,28.1312133,82.2983065
178,Dang,Manpur,22413,A.P.O.,27.8185599,82.5195161
179,Dang,Lamahi,22414,A.P.O.,27.9312023,82.3410245
180,Dang,Ghoraha,22415,A.P.O.,27.9788799,82.4684176
181,Darchula,Darchula,10100,D.P.O.,29.6677227,80.5457604
182,Darchula,Rapla,10101,A.P.O.,29.9562861,80.7042058
183,Darchula,Duhuti,10102,A.P.O.,29.9127333,80.7937159
184,Darchula,Malikarjun,10104,A.P.O.,29.6746846,80.5619411
185,Darchula,Joljibi,10105,A.P.O.,29.7496173,80.3801477
186,Darchula,Dandakot,10106,A.P.O.,29.9127333,80.7937159
187,Darchula,Ritha Chaupata,10107,A.P.O.,29.9127333,80.7937159
188,Darchula,Gokule,10108,A.P.O.,29.672881,80.5400525
189,Darchula,Sitola,10109,A.P.O.,29.9127333,80.7937159
190,Darchula,Marmalatinath,10110,A.P.O.,29.9127333,80.7937159
191,Darchula,Sipti,10111,A.P.O.,29.9127333,80.7937159
192,Dhading,Dhading,45100,D.P.O.,27.9108933,84.8952805
193,Dhading,Lapa,45101,A.P.O.,28.1778379,85.0028
194,Dhading,Sertung,45102,A.P.O.,28.1703058,85.070832
195,Dhading,Phulkharka,45103,A.P.O.,28.0617039,84.901191
196,Dhading,Tripureshwor,45104,A.P.O.,28.0085212,84.906139
197,Dhading,Katunje,45105,A.P.O.,27.992549,84.9098921
198,Dhading,Sunkhani,45106,A.P.O.,27.9430495,84.8399467
199,Dhading,Sunaulabazar,45108,A.P.O.,28.0085212,84.906139
200,Dhading,Maidi,45109,A.P.O.,27.8787878,84.7495054
201,Dhading,Khanikhola,45110,A.P.O.,27.7178298,85.1624676
202,Dhading,Bhumisthan,45111,A.P.O.,27.7387637,85.0583586
203,Dhading,Gajuri,45112,A.P.O.,27.7500422,84.89745
204,Dhading,Malekhu,45113,A.P.O.,27.813705,84.82724
205,Dhankuta,Dhankuta,56800,D.P.O.,26.9831426,87.3247653
206,Dhankuta,Mudhebash,56801,A.P.O.,26.9831426,87.3247653
207,Dhankuta,Rajarani,56802,A.P.O.,26.8797774,87.4333452
208,Dhankuta,Dandabazar,56803,A.P.O.,26.9831426,87.3247653
209,Dhankuta,Bhedetar,56804,A.P.O.,26.9831426,87.3247653
210,Dhankuta,Ankhisalla,56805,A.P.O.,26.9831426,87.3247653
211,Dhankuta,Hile,56806,A.P.O.,27.0326834,87.3142017
212,Dhankuta,Muga,56807,A.P.O.,27.0405887,87.2303241
213,Dhankuta,Teliya,56808,A.P.O.,27.0027445,87.4096327
214,Dhankuta,Pakhribash,56809,A.P.O.,26.9831426,87.3247653
215,Dhankuta,Leguwa,56810,A.P.O.,27.13986,87.2674072
216,Dhankuta,Mare Katahare,56811,A.P.O.,26.9831426,87.3247653
217,Dhankuta,Arknaule,56812,A.P.O.,26.9831426,87.3247653
218,Dhankuta,Chungmang,56813,A.P.O.,26.9831426,87.3247653
219,Dhanusha,Dhanusha,45600,D.P.O.,26.7281403,85.9283687
220,Dhanusha,Khajuri,45601,A.P.O.,26.6424176,86.1151077
221,Dhanusha,Tinkoriya,45602,A.P.O.,26.6874958,86.0674498
222,Dhanusha,Yadukuha,45603,A.P.O.,26.8510912,86.0358919
223,Dhanusha,Duhabi,45604,A.P.O.,26.8510912,86.0358919
224,Dhanusha,Chakkar,45605,A.P.O.,26.8510912,86.0358919
225,Dhanusha,Raghunathpur,45606,A.P.O.,26.827338,86.099706
226,Dhanusha,Godar Chisapani,45607,A.P.O.,26.8510912,86.0358919
227,Dhanusha,Dhanushadham,45608,A.P.O.,26.830795,86.0580606
228,Dhanusha,Bagachauda,45610,A.P.O.,26.8510912,86.0358919
229,Dhanusha,Jatahi,45611,A.P.O.,26.8510912,86.0358919
230,Dhanusha,Phulgama,45612,A.P.O.,26.6424722,85.9056722
231,Dhanusha,Sankhuwa Mahendranagar,45616,A.P.O.,26.8510912,86.0358919
232,Dhanusha,Dhalkebar,45617,A.P.O.,26.930012,85.95488
233,Dolakha,Dolakha,45500,D.P.O.,27.6770082,86.0744864
234,Dolakha,Khahare,45501,A.P.O.,27.8237699,86.2214665
235,Dolakha,Namdu,45502,A.P.O.,27.6529673,86.0988477
236,Dolakha,Jiri,45503,A.P.O.,27.6674115,86.27282
237,Dolakha,Japhekalapani,45505,A.P.O.,27.8237699,86.2214665
238,Dolakha,Melung,45506,A.P.O.,27.552817,86.0342601
239,Dolakha,Bhusapheda,45507,A.P.O.,27.8237699,86.2214665
240,Dolakha,Sunkhani,45509,A.P.O.,27.703683,86.1168522
241,Dolakha,Khopachangu,45510,A.P.O.,27.8237699,86.2214665
242,Dolakha,Lamabagar,45511,A.P.O.,27.9153677,86.2088317
243,Dolakha,Chitre,45512,A.P.O.,27.7601766,86.1649148
244,Dolpa,Dolpa,21400,D.P.O.,28.9853814,82.8190021
245,Dolpa,Juphal,21401,A.P.O.,28.979724,82.820141
246,Dolpa,Tripurakot,21402,A.P.O.,29.0174371,82.7916958
247,Dolpa,Liku,21403,A.P.O.,29.0416683,82.7510753
248,Dolpa,Sarmi,21404,A.P.O.,29.0674937,82.4758351
249,Dolpa,Kaigaun,21405,A.P.O.,29.1097483,82.594665
250,Dolpa,Foksundo,21406,A.P.O.,29.2144915,83.035804
251,Dolpa,Namdo,21407,A.P.O.,29.3915269,83.0998604
252,Doti,Doti,10800,F.W.R.P.D.,29.2422466,80.934176
253,Doti,Silgadhi,10801,A.P.O.,29.267055,80.983336
254,Doti,Sanagaun,10802,A.P.O.,29.2741679,81.0655618
255,Doti,Daund,10803,A.P.O.,29.1879106,80.8623498
256,Doti,Mauwa Nagardaha,10804,A.P.O.,29.1879106,80.8623498
257,Doti,Banedungrasen,10805,A.P.O.,29.1879106,80.8623498
258,Doti,Jorayal,10806,A.P.O.,29.0998838,80.6732153
259,Doti,Gadhshera,10807,A.P.O.,29.1879106,80.8623498
260,Doti,Lanakedareswor,10808,A.P.O.,29.1879106,80.8623498
261,Doti,Boktan,10809,A.P.O.,29.1879106,80.8623498
262,Doti,Byal,10810,A.P.O.,29.1879106,80.8623498
263,Doti,Mudbhara,10811,A.P.O.,29.1879106,80.8623498
264,Gorkha,Gorkha,34000,D.P.O.,27.9774671,84.6048187
265,Gorkha,Bungkot,34002,A.P.O.,27.9666027,84.6771602
266,Gorkha,Manakamana,34003,A.P.O.,27.9087241,84.5688566
267,Gorkha,Batase,34004,A.P.O.,28.2708368,84.8407583
268,Gorkha,Luintel,34005,A.P.O.,28.0165643,84.554234
269,Gorkha,Anapipal,34006,A.P.O.,28.2708368,84.8407583
270,Gorkha,Jaubari,34007,A.P.O.,28.1127987,84.6545419
271,Gorkha,Bhachchek,34008,A.P.O.,28.1553965,84.6481588
272,Gorkha,Saurpani,34009,A.P.O.,28.1269634,84.7188089
273,Gorkha,Ghyampesal,34010,A.P.O.,28.0167688,84.6542099
274,Gorkha,Aarughat,34011,A.P.O.,28.1193887,84.8141466
275,Gorkha,Gumda,34012,A.P.O.,28.1999039,84.823658
276,Gorkha,Sirdibash,34013,A.P.O.,28.2708368,84.8407583
277,Gulmi,Gulmi,32600,D.P.O.,28.2038199,83.0247173
278,Gulmi,Purtighat,32601,A.P.O.,28.0464096,83.5590184
279,Gulmi,Bharse,32602,A.P.O.,28.0959731,83.3294864
280,Gulmi,Chandrakot,32603,A.P.O.,28.10694,83.423043
281,Gulmi,Majuwa,32604,A.P.O.,28.0959731,83.3294864
282,Gulmi,Ridi,32605,A.P.O.,27.9369315,83.4366191
283,Gulmi,Sringa,32606,A.P.O.,28.0959731,83.3294864
284,Gulmi,Birabas,32607,A.P.O.,28.0959731,83.3294864
285,Gulmi,Wami,32609,A.P.O.,28.0959731,83.3294864
286,Gulmi,Ismadohali,32610,A.P.O.,28.0959731,83.3294864
287,Gulmi,Dhurkot,32611,A.P.O.,28.1190679,83.1630901
288,Gulmi,Purkotadha,32612,A.P.O.,28.0959731,83.3294864
289,Gulmi,Arje,32613,A.P.O.,28.1705478,83.166422
290,Gulmi,Manabhak,32614,A.P.O.,28.0959731,83.3294864
291,Gulmi,Pipaldanda,32615,A.P.O.,28.0959731,83.3294864
292,Humla,Humla,21000,D.P.O.,29.871565,81.8593494
293,Humla,Muchu,21003,A.P.O.,30.0670559,81.5423861
294,Humla,Lali,21004,A.P.O.,29.8618597,81.8848057
295,Humla,Sarkegadh,21005,A.P.O.,30.0264295,81.8329121
296,Humla,Darma,21007,A.P.O.,29.7409886,82.0725274
297,Humla,Srinagar,21008,A.P.O.,30.0264295,81.8329121
298,Ilam,Ilam,57300,D.P.O.,26.9103896,87.9281937
299,Ilam,Nayabazar,57302,A.P.O.,26.9528269,88.0610558
300,Ilam,Pashupatinagar,57303,A.P.O.,26.9494163,88.117277
301,Ilam,Aaitabare,57304,A.P.O.,26.8854074,87.9203052
302,Ilam,Harkatebazar,57305,A.P.O.,26.8854074,87.9203052
303,Ilam,Gajurmukhi,57306,A.P.O.,26.8854074,87.9203052
304,Ilam,Mangal Bare,57307,A.P.O.,26.8854074,87.9203052
305,Ilam,Nepaltar,57308,A.P.O.,26.9872672,87.884182
306,Ilam,Jamuna,57309,A.P.O.,26.8854074,87.9203052
307,Ilam,Gitpur,57310,A.P.O.,26.8854074,87.9203052
308,Ilam,Cheesa Pani Panchami,57311,A.P.O.,26.8854074,87.9203052
309,Ilam,Phikal,57312,A.P.O.,26.8854074,87.9203052
310,Jajarkot,Jajarkot,21500,D.P.O.,28.698212,82.198257
311,Jajarkot,Dhime,21503,A.P.O.,28.8151696,82.1711361
312,Jajarkot,Dalli,21504,A.P.O.,28.8698359,82.1688479
313,Jajarkot,Ragda,21505,A.P.O.,28.8567626,82.4086616
314,Jajarkot,Rokaya gaun (Limsa),21506,A.P.O.,28.8698359,82.1688479
315,Jajarkot,Dashera,21508,A.P.O.,28.8698359,82.1688479
316,Jajarkot,Thalaraikar,21509,A.P.O.,28.8698359,82.1688479
317,Jajarkot,Garkhakot,21510,A.P.O.,28.8234773,82.0068079
318,Jajarkot,Karkigaun,21511,A.P.O.,28.6927865,82.0580028
319,Jhapa,Jhapa,57200,D.P.O.,26.5136308,87.8662742
320,Jhapa,Baniyani,57201,A.P.O.,26.4330595,88.0378745
321,Jhapa,Goldhap,57202,A.P.O.,26.5535777,87.9654304
322,Jhapa,Chandragadhi,57203,A.P.O.,26.5675056,88.0688835
323,Jhapa,Birtamod,57204,A.P.O.,26.6048257,87.9931329
324,Jhapa,Sanishchare,57205,A.P.O.,26.5837354,87.885701
325,Jhapa,Budhabare,57206,A.P.O.,26.7200711,88.0500311
326,Jhapa,Dhulabari,57207,A.P.O.,26.6677339,88.1020528
327,Jhapa,Kankarbhitta,57208,A.P.O.,26.5837354,87.885701
328,Jhapa,Rajgadh,57209,A.P.O.,26.5100562,87.9351778
329,Jhapa,Durgapur,57210,A.P.O.,26.6402175,87.9294562
330,Jhapa,Jhapa,57211,A.P.O.,26.5136308,87.8662742
331,Jhapa,Dudhe,57212,A.P.O.,26.6482505,87.8258117
332,Jhapa,Shivagunj,57213,A.P.O.,26.5718965,87.8360679
333,Jhapa,Topagachhi,57214,A.P.O.,26.5837354,87.885701
334,Jhapa,Gaurigunj,57215,A.P.O.,26.4516307,87.6990285
335,Jhapa,Gauradaha,57216,A.P.O.,26.5488378,87.6942252
336,Jhapa,Damak,57217,A.P.O.,26.6701464,87.6801011
337,Jumla,Jumla,21200,D.P.O.,29.2749492,82.1832699
338,Jumla,Dillichaur,21202,A.P.O.,29.3022084,82.2846614
339,Jumla,Tatopani,21204,A.P.O.,29.1337001,82.1494936
340,Jumla,Malikathata,21205,A.P.O.,29.2388968,82.1979992
341,Jumla,Kalikakhetu,21206,A.P.O.,29.2413957,81.9343328
342,Jumla,Narakot,21207,A.P.O.,29.3271238,81.9821954
343,Jumla,Hatsinja,21208,A.P.O.,29.2388968,82.1979992
344,Jumla,Chautha,21209,A.P.O.,29.4308079,82.1071569
345,Kailali,Munuwa,10902,A.P.O.,28.731525,80.9036983
346,Kailali,Kailali,10900,D.P.O.,28.7373121,80.5749846
347,Kailali,Tikapur,10901,A.P.O.,28.5282679,81.119298
348,Kailali,Dododhara,10903,A.P.O.,28.6551658,81.0374254
349,Kailali,Lamki,10904,A.P.O.,28.628025,81.152893
350,Kailali,Masuriya,10905,A.P.O.,28.725899,80.842476
351,Kailali,Pahalmanpur,10906,A.P.O.,28.6998254,80.8942799
352,Kailali,Hasuliya,10907,A.P.O.,28.6514818,80.8052828
353,Kailali,Bhajani,10908,A.P.O.,28.5203015,80.9645185
354,Kailali,Joshipur,10909,A.P.O.,28.5691711,81.0276723
355,Kailali,Phulbari,10910,A.P.O.,28.6297021,80.6985034
356,Kailali,Attariya,10911,A.P.O.,28.8029161,80.5510167
357,Kailali,Chaumala,10912,A.P.O.,28.7676152,80.7453647
358,Kailali,Phaltude,10914,A.P.O.,28.731525,80.9036983
359,Kalikot,Kalikot,21300,D.P.O.,29.0976734,81.7265279
360,Kalikot,Sanniraskot,21303,A.P.O.,29.2160406,81.68842
361,Kalikot,Mehalmudi,21304,A.P.O.,29.2433124,81.6047984
362,Kalikot,Kotbada,21305,A.P.O.,29.1677819,81.5716034
363,Kalikot,Kalikot,21306,A.P.O.,29.0976734,81.7265279
364,Kalikot,Padamghat,21307,A.P.O.,29.2160406,81.68842
365,Kalikot,Jubitha,21308,A.P.O.,29.1401986,81.8215719
366,Kalikot,Thirpu,21309,A.P.O.,29.3026329,81.7525935
367,Kanchanpur,Kanchanpur,10400,D.P.O.,26.6509883,86.905475
368,Kanchanpur,Krishnapur,10401,A.P.O.,28.8736962,80.445183
369,Kanchanpur,Kalika,10402,A.P.O.,28.6532395,80.4516952
370,Kanchanpur,Punarbas,10403,A.P.O.,28.6383791,80.4674527
371,Kanchanpur,Beldadi,10404,A.P.O.,28.7755625,80.2711409
372,Kanchanpur,Pipaladi,10405,A.P.O.,28.8821083,80.331805
373,Kanchanpur,Kanchanpur,10406,A.P.O.,26.6509883,86.905475
374,Kanchanpur,Chandani,10407,A.P.O.,28.922464,80.1075456
375,Kanchanpur,Airport,10409,A.P.O.,26.8282667,85.802094
376,Kanchanpur,Suda,10410,A.P.O.,28.9615161,80.2133118
377,Kanchanpur,Jhalari,10411,A.P.O.,28.9058184,80.4249416
378,Kapilbastu,Kapilbastu,32800,D.P.O.,27.5446481,83.0557251
379,Kapilbastu,Pipara,32801,A.P.O.,27.5672234,83.0659219
380,Kapilbastu,Patariya,32802,A.P.O.,27.5672234,83.0659219
381,Kapilbastu,Pakadi,32804,A.P.O.,27.5672234,83.0659219
382,Kapilbastu,Kopawa,32805,A.P.O.,27.6461305,83.1228806
383,Kapilbastu,Gotihawa,32808,A.P.O.,27.5287705,83.0317776
384,Kapilbastu,Gorusinge,32809,A.P.O.,27.5672234,83.0659219
385,Kapilbastu,Pattharkot,32810,A.P.O.,27.5672234,83.0659219
386,Kapilbastu,Thuniya,32811,A.P.O.,27.5672234,83.0659219
387,Kapilbastu,Maharajgunj,32812,A.P.O.,27.5672234,83.0659219
388,Kapilbastu,Ganeshpur,32813,A.P.O.,27.5672234,83.0659219
389,Kapilbastu,Chanauta,32814,A.P.O.,27.5672234,83.0659219
390,Kapilbastu,Krishnanagar,32815,A.P.O.,27.5672234,83.0659219
391,Kapilbastu,Shiva Raj,32816,A.P.O.,27.5672234,83.0659219
392,Kaski,Kaski,33700,W.R.P.D.,28.3686434,83.9078228
393,Kaski,Rupakot,33701,A.P.O.,28.1577757,84.137179
394,Kaski,Gagan Gaunda,33702,A.P.O.,28.3448382,83.9716957
395,Kaski,Makaikhola,33703,A.P.O.,28.3448382,83.9716957
396,Kaski,Majhathana,33704,A.P.O.,28.2423064,84.0777389
397,Kaski,Sildujure,33705,A.P.O.,28.2596995,84.0732461
398,Kaski,Nirmalpokhari,33706,A.P.O.,28.1591754,84.0061384
399,Kaski,Pardibandh,33707,A.P.O.,28.3448382,83.9716957
400,Kaski,Bhalam,33708,A.P.O.,28.2498189,84.0071946
401,Kaski,Chapakot,33709,A.P.O.,28.2307134,83.8880932
402,Kaski,Birethanti,33710,A.P.O.,28.3095021,83.774818
403,Kaski,Naudanda,33711,A.P.O.,28.2817034,83.863535
404,Kaski,Ghachok,33712,A.P.O.,28.3146434,83.9430141
405,Kaski,Purunchaur,33713,A.P.O.,28.291362,83.9512355
406,Kathmandu,Kathmandu,44600,G.P.O.,27.708317,85.3205817
407,Kathmandu,Sankhu,44601,A.P.O.,27.7290234,85.4613828
408,Kathmandu,Chabahil,44602,A.P.O.,27.7171465,85.3466713
409,Kathmandu,Sundarijal,44603,A.P.O.,27.758005,85.419189
410,Kathmandu,Gauchar,44604,A.P.O.,27.6939119,85.3582197
411,Kathmandu,Dillibazar,44605,A.P.O.,27.7054629,85.3275306
412,Kathmandu,Bansbari,44606,A.P.O.,27.7460717,85.3427702
413,Kathmandu,Tokha Saraswati,44608,A.P.O.,27.7626639,85.3302792
414,Kathmandu,Sachibalaya,44609,A.P.O.,27.708317,85.3205817
415,Kathmandu,Manmaiju,44610,A.P.O.,27.7511606,85.3116993
416,Kathmandu,Balaju,44611,A.P.O.,27.7270434,85.30459
417,Kathmandu,Tribhuvan University,44613,A.P.O.,27.6812723,85.2871529
418,Kathmandu,Kalimati,44614,A.P.O.,27.6986035,85.2992018
419,Kathmandu,Pharping,44615,A.P.O.,27.6116352,85.2670114
420,Kathmandu,Baluwatar,44616,A.P.O.,27.7233471,85.3331617
421,Kathmandu,Sarbochcha Adalat,44617,A.P.O.,27.708317,85.3205817
422,Kathmandu,Kirtipur,44618,A.P.O.,27.676664,85.2782438
423,Kathmandu,Thankot,44619,A.P.O.,27.6930852,85.219198
424,Kathmandu,Swayambhu,44620,A.P.O.,27.7161935,85.2838241
425,Kathmandu,Pashupati,44621,A.P.O.,27.6993533,85.312552
426,Kathmandu,Budhanilkantha,44622,A.P.O.,27.7781261,85.3623412
427,Kaverpalanchok,Pokharinarayanshthan,45203,A.P.O.,,
428,Kaverpalanchok,Gumati Bhanjyang,45204,A.P.O.,,
429,Kaverpalanchok,Mahadevasthan,45213,A.P.O.,,
430,Kaverpalanchok,Khopasi,45216,A.P.O.,,
431,Kavrepalanchok,Kavrepalanchok,45200,D.P.O.,27.7028638,85.6088593
432,Kavrepalanchok,Ghartichhap,45201,A.P.O.,27.3777412,85.6007667
433,Kavrepalanchok,Mangaltar,45202,A.P.O.,27.4986384,85.7505525
434,Kavrepalanchok,Dapcha,45205,A.P.O.,27.5447529,85.6262712
435,Kavrepalanchok,Panauti,45209,A.P.O.,27.585045,85.516022
436,Kavrepalanchok,Banepa,45210,A.P.O.,27.647359,85.5175084
437,Kavrepalanchok,Panchkhal,45212,A.P.O.,27.6468087,85.619863
438,Kavrepalanchok,Phalante,45214,A.P.O.,27.5868932,85.601877
439,Kavrepalanchok,Dolal Ghat,45215,A.P.O.,27.545386,85.6238351
440,Khotang,Khotang,56200,D.P.O.,27.2184568,86.7918235
441,Khotang,Wakshila,56201,A.P.O.,27.1554468,86.6799715
442,Khotang,Aiselukharka,56202,A.P.O.,27.3737762,86.7558543
443,Khotang,Jalpa,56204,A.P.O.,27.1554468,86.6799715
444,Khotang,Lamidanda,56205,A.P.O.,27.2850866,86.7269762
445,Khotang,Halesi mahadevasthan,56206,A.P.O.,27.1554468,86.6799715
446,Khotang,Buipa,56208,A.P.O.,27.1554468,86.6799715
447,Khotang,Manebhanjyang,56209,A.P.O.,27.1554468,86.6799715
448,Khotang,Sapteshworichhitapokhari,56210,A.P.O.,27.1554468,86.6799715
449,Khotang,Khotang,56211,A.P.O.,27.2184568,86.7918235
450,Khotang,Chisapani,56212,A.P.O.,27.1554468,86.6799715
451,Khotang,Simpani,56214,A.P.O.,27.1554468,86.6799715
452,Lalitpur,Lalitpur,44700,D.P.O.,27.6767339,85.316805
453,Lalitpur,Dhapakhel,44703,A.P.O.,27.6279927,85.3323532
454,Lalitpur,Imadol,44705,A.P.O.,27.666822,85.344299
455,Lalitpur,Darabartole,44707,A.P.O.,27.6767339,85.316805
456,Lalitpur,Lubhu,44708,A.P.O.,27.6434777,85.3714959
457,Lalitpur,Godawari,44709,A.P.O.,27.5812413,85.3393152
458,Lalitpur,Chapagaun,44710,A.P.O.,27.657898,85.3224925
459,Lalitpur,Gotikhel,44711,A.P.O.,27.489248,85.406082
460,Lalitpur,Bhattedanda,44712,A.P.O.,27.5033312,85.3056043
461,Lalitpur,Pyutar,44713,A.P.O.,27.461718,85.279617
462,Lamjung,Lamjung,33600,D.P.O.,28.2103818,84.3662976
463,Lamjung,Maling,33602,A.P.O.,28.2875597,84.4189441
464,Lamjung,Sundar Bazar,33603,A.P.O.,28.1280713,84.4111275
465,Lamjung,Sotipasal,33604,A.P.O.,28.094318,84.2487167
466,Lamjung,Kunchha,33605,A.P.O.,28.13028,84.343391
467,Lamjung,Gilung,33606,A.P.O.,28.2875597,84.4189441
468,Lamjung,Khudi,33607,A.P.O.,28.2809801,84.3576238
469,Lamjung,Phaliyasanghu,33608,A.P.O.,28.2875597,84.4189441
470,Lamjung,Bharate,33609,A.P.O.,28.1362784,84.4570141
471,Lamjung,Gaunda,33610,A.P.O.,28.2875597,84.4189441
472,Lamjung,Tarkughat,33611,A.P.O.,28.1009857,84.442959
473,Mahottari,Mahottari,45700,D.P.O.,26.6881547,85.8181101
474,Mahottari,Bardibash,45701,A.P.O.,26.9903043,85.8933108
475,Mahottari,Bhangaha,45702,A.P.O.,26.8519838,85.8687454
476,Mahottari,Loharpatti,45703,A.P.O.,26.7637545,85.8676391
477,Mahottari,Pipara,45704,A.P.O.,26.8430856,85.8941389
478,Mahottari,Matihani,45705,A.P.O.,26.6405597,85.8532015
479,Mahottari,Ramgopalpur,45707,A.P.O.,26.810557,85.7825096
480,Mahottari,Balawa,45708,A.P.O.,26.743909,85.7857579
481,Mahottari,Laxminiya,45710,A.P.O.,26.8843564,85.7967988
482,Mahottari,Gaushala,45711,A.P.O.,26.9406233,85.7774493
483,Mahottari,Shreepur,45712,A.P.O.,26.8843564,85.7967988
484,Mahottari,Samsi,45713,A.P.O.,26.813373,85.7352617
485,Mahottari,Manara,45714,A.P.O.,26.7293294,85.748452
486,Makabanpur,Hatiya,44103,A.P.O.,,
487,Makabanpur,Aambhanjyang,44104,A.P.O.,,
488,Makabanpur,Manahari,44106,A.P.O.,,
489,Makabanpur,Basamadi,44108,A.P.O.,,
490,Makabanpur,Markhu,44113,A.P.O.,,
491,Makawanpur,Makawanpur,44100,D.P.O.,27.456247,84.934367
492,Makawanpur,Phaparbari,44101,A.P.O.,27.456247,84.934367
493,Makawanpur,Ritha Chhatibwn,44102,A.P.O.,27.456247,84.934367
494,Makawanpur,Hetauda I.A.,44107,A.P.O.,27.456247,84.934367
495,Makawanpur,Palung,44110,A.P.O.,27.456247,84.934367
496,Makawanpur,Bhainse,44111,A.P.O.,27.456247,84.934367
497,Makawanpur,Bhimphedi,44112,A.P.O.,27.456247,84.934367
498,Manang,Manang,33500,D.P.O.,28.666111,84.023117
499,Manang,Pisang,33502,A.P.O.,28.6486525,84.18809
500,Manang,Bhakra,33503,A.P.O.,28.671836,84.1708851
501,Manang,Mathillo Manang,33504,A.P.O.,28.671836,84.1708851
502,Manang,Nar,33507,A.P.O.,28.681078,84.198631
503,Manang,Dharapani,33509,A.P.O.,28.5189984,84.3583825
504,Morang,Morang,56600,E.R.P.D.,26.6104089,87.3071764
505,Morang,Chunimari,56601,A.P.O.,26.6105187,87.4728511
506,Morang,Rangeli,56602,A.P.O.,26.4892803,87.4620456
507,Morang,Sanischare,56603,A.P.O.,26.6564751,87.5533985
508,Morang,Urlabari,56604,A.P.O.,26.6637932,87.6380633
509,Morang,Madhumalla,56605,A.P.O.,26.732666,87.663132
510,Morang,Bayarban,56606,A.P.O.,26.5890628,87.5074688
511,Morang,Sorabhag,56607,A.P.O.,26.6105187,87.4728511
512,Morang,Dadarberiya,56608,A.P.O.,26.4782425,87.3871068
513,Morang,Letang,56609,A.P.O.,26.7650276,87.5013671
514,Morang,Kerabari,56610,A.P.O.,26.7757978,87.3836886
515,Morang,Haraincha,56611,A.P.O.,26.6105187,87.4728511
516,Morang,Bhaudaha,56612,A.P.O.,26.6105187,87.4728511
517,Morang,Biratnagar Bazar,56613,A.P.O.,26.6105187,87.4728511
518,Morang,Rani Sikiyahi,56614,A.P.O.,26.6105187,87.4728511
519,Morang,Jhorahat,56615,A.P.O.,26.5173448,87.3270536
520,Morang,Banigama,56616,A.P.O.,26.6105187,87.4728511
521,Morang,Bansbari,56617,A.P.O.,26.5206243,87.2967842
522,Mugu,Mugu,21100,D.P.O.,29.7799856,82.5264379
523,Mugu,Rowa,21102,A.P.O.,29.5265462,82.1919782
524,Mugu,Pulu,21103,A.P.O.,29.5722255,82.3964705
525,Mugu,Sorubarma,21105,A.P.O.,29.6793236,82.5300812
526,Mugu,Rara,21106,A.P.O.,29.5292506,82.08709
527,Mugu,Sukhadhik,21107,A.P.O.,29.6793236,82.5300812
528,Mugu,Gumtha,21109,A.P.O.,29.5031282,81.8919567
529,Mugu,Dhainkot,21110,A.P.O.,29.6793236,82.5300812
530,Mustang,Mustang,33100,D.P.O.,29.1828351,83.9563037
531,Mustang,Marpha,33102,A.P.O.,28.751913,83.686234
532,Mustang,Kagbeni,33103,A.P.O.,28.8377595,83.7843101
533,Mustang,Charang,33104,A.P.O.,29.0926126,83.9322744
534,Mustang,Mustang,33105,A.P.O.,29.1828351,83.9563037
535,Mustang,Chhoser,33106,A.P.O.,29.231026,83.97712
536,Mustang,Muktinath,33107,A.P.O.,28.8169164,83.8714547
537,Mustang,Lete,33108,A.P.O.,28.635756,83.6055752
538,Mustang,Thak Tukuche,33109,A.P.O.,28.9481332,83.900569
539,Myagdi,Myagdi,33200,D.P.O.,28.6054112,83.390232
540,Myagdi,Xyamarukot,33202,A.P.O.,28.5439443,83.4632633
541,Myagdi,Galeswor,33203,A.P.O.,28.5439443,83.4632633
542,Myagdi,Rakhu Bhagawati,33204,A.P.O.,28.5439443,83.4632633
543,Myagdi,Sikha,33205,A.P.O.,28.4442005,83.6719568
544,Myagdi,Dana,33206,A.P.O.,28.5402676,83.6495034
545,Myagdi,Babiyachaur,33207,A.P.O.,28.3939491,83.4566492
546,Myagdi,Darbang,33208,A.P.O.,28.4689602,83.3953205
547,Myagdi,Pakhapani,33209,A.P.O.,28.5439443,83.4632633
548,Myagdi,Takam,33210,A.P.O.,28.4545483,83.3704854
549,Myagdi,Lulang,33211,A.P.O.,28.5234497,83.280909
550,Nawalparasi,Nawalparasi,33000,D.P.O.,27.5059879,83.7683561
551,Nawalparasi,Rakuwa,33001,A.P.O.,27.5059879,83.7683561
552,Nawalparasi,Bulingtar,33002,A.P.O.,27.8066422,84.2033312
553,Nawalparasi,Gaindakot,33003,A.P.O.,27.7329159,84.3398377
554,Nawalparasi,Dumkauli,33004,A.P.O.,27.5059879,83.7683561
555,Nawalparasi,Shergunj,33005,A.P.O.,27.5059879,83.7683561
556,Nawalparasi,Naya Belhani,33006,A.P.O.,27.5059879,83.7683561
557,Nawalparasi,Tribeni,33007,A.P.O.,27.6316708,83.860691
558,Nawalparasi,Semari,33008,A.P.O.,27.4700977,83.7850762
559,Nawalparasi,Guthi persauni,33009,A.P.O.,27.5059879,83.7683561
560,Nawalparasi,Bhujahawa,33010,A.P.O.,27.5059879,83.7683561
561,Nawalparasi,Makar,33011,A.P.O.,27.5270252,83.8104019
562,Nawalparasi,Tilakpur,33012,A.P.O.,27.5059879,83.7683561
563,Nawalparasi,Maheshpur,33013,A.P.O.,27.4389195,83.6975015
564,Nawalparasi,Sunawal,33015,A.P.O.,27.6094295,83.6527033
565,Nawalparasi,Pithauli,33016,A.P.O.,27.642064,84.1697678
566,Nuwakot,Nuwakot,44900,D.P.O.,27.8622626,85.337277
567,Nuwakot,Thansingh,44902,A.P.O.,27.9257991,85.248672
568,Nuwakot,Ranipauwa,44903,A.P.O.,27.8325156,85.2388622
569,Nuwakot,Taruka,44905,A.P.O.,27.8490148,85.0273018
570,Nuwakot,Deurali,44906,A.P.O.,28.0305798,85.0350076
571,Nuwakot,Kahule,44907,A.P.O.,27.9257991,85.248672
572,Nuwakot,Nuwakot,44908,A.P.O.,27.8622626,85.337277
573,Nuwakot,Chokade,44909,A.P.O.,27.9257991,85.248672
574,Nuwakot,Kharanitar,44910,A.P.O.,27.9229272,85.308285
575,Nuwakot,Bhadratar,44911,A.P.O.,27.8731874,85.3234904
576,Nuwakot,Ramabati,44912,A.P.O.,27.9257991,85.248672
577,Nuwakot,Rautbesi,44913,A.P.O.,27.9209638,85.4085933
578,Nuwakot,Pokharichapadanda,44914,A.P.O.,27.9257991,85.248672
579,Nuwakot,Devighat,44915,A.P.O.,27.8591015,85.1093769
580,Okhaldhunga,Okhaldhunga,56100,D.P.O.,27.317984,86.501404
581,Okhaldhunga,Khani Bhanjyang,56101,A.P.O.,27.3363024,86.4489456
582,Okhaldhunga,Rumjatar,56102,A.P.O.,27.302221,86.54834
583,Okhaldhunga,Rampur,56104,A.P.O.,27.3511586,86.439324
584,Okhaldhunga,Bigutar,56105,A.P.O.,27.3558419,86.4932673
585,Okhaldhunga,Khiji Phalate,56106,A.P.O.,27.3363024,86.4489456
586,Okhaldhunga,Gamanangtar,56107,A.P.O.,27.3363024,86.4489456
587,Okhaldhunga,Ghorakhori,56108,A.P.O.,27.3363024,86.4489456
588,Okhaldhunga,Chyanam,56109,A.P.O.,27.3363024,86.4489456
589,Okhaldhunga,Mane Bhanjyang,56110,A.P.O.,27.3363024,86.4489456
590,Okhaldhunga,Moli,56111,A.P.O.,27.3363024,86.4489456
591,Okhaldhunga,Ragani,56112,A.P.O.,27.3363024,86.4489456
592,Palpa,Palpa,32500,D.P.O.,27.889238,83.464302
593,Palpa,Sahalkot,32501,A.P.O.,27.8110506,83.630439
594,Palpa,Rampur,32502,A.P.O.,27.8581107,83.8936046
595,Palpa,Hungi,32503,A.P.O.,27.8110506,83.630439
596,Palpa,Jalpa,32504,A.P.O.,27.7824059,83.7512589
597,Palpa,Tahu,32505,A.P.O.,27.8322168,83.7104056
598,Palpa,Jhadewa,32506,A.P.O.,27.8110506,83.630439
599,Palpa,Aryabhanjyang,32507,A.P.O.,27.8435541,83.7481828
600,Palpa,Madanpokhara,32508,A.P.O.,27.8656509,83.5445764
601,Palpa,Khasyauli,32509,A.P.O.,27.8716908,83.4577942
602,Palpa,Argali,32510,A.P.O.,27.9168581,83.4652169
603,Palpa,Chhahara,32511,A.P.O.,27.8578494,83.3492072
604,Palpa,Palungmainadi,32512,A.P.O.,27.8748271,83.4214927
605,Palpa,Baldengadi,32513,A.P.O.,27.8110506,83.630439
606,Panchthar,Panchthar,57400,D.P.O.,27.1340626,87.7598667
607,Panchthar,Chyangthapu,57401,A.P.O.,27.2781987,87.9428089
608,Panchthar,Ambarpur,57402,A.P.O.,27.1490731,87.8550479
609,Panchthar,Namluwa,57403,A.P.O.,27.1490731,87.8550479
610,Panchthar,Yangnam,57404,A.P.O.,27.1490731,87.8550479
611,Panchthar,Nawamidanda,57406,A.P.O.,27.1490731,87.8550479
612,Panchthar,Mehelbote,57407,A.P.O.,27.1490731,87.8550479
613,Panchthar,Yasok,57408,A.P.O.,27.06842,87.647774
614,Panchthar,Mauwa,57409,A.P.O.,27.1490731,87.8550479
615,Panchthar,Rabi,57410,A.P.O.,27.3014656,87.9929991
616,Panchthar,Limba,57411,A.P.O.,27.1490731,87.8550479
617,Panchthar,Medibung,57412,A.P.O.,27.1490731,87.8550479
618,Parbat,Parbat,33400,D.P.O.,28.0234798,83.6464983
619,Parbat,Salija,33401,A.P.O.,28.3191719,83.6730056
620,Parbat,Khurkot,33402,A.P.O.,28.2718025,83.7377701
621,Parbat,Deurali,33403,A.P.O.,28.3084656,83.7076286
622,Parbat,Thulipokhari,33405,A.P.O.,28.2444046,83.7476742
623,Parbat,Karkineta,33406,A.P.O.,28.2021248,83.7280341
624,Parbat,Devisthan,33407,A.P.O.,28.1570874,83.6473238
625,Parbat,Bachchha,33408,A.P.O.,28.2021248,83.7280341
626,Parbat,Lankhudeurali,33409,A.P.O.,28.2021248,83.7280341
627,Parbat,Hubas,33410,A.P.O.,28.2021248,83.7280341
628,Parbat,Khor Pokhara,33411,A.P.O.,28.2021248,83.7280341
629,Parbat,Setibeni,33412,A.P.O.,28.0107777,83.6073775
630,Parsa,Parsa,44300,D.P.O.,26.8769803,85.6398784
631,Parsa,Aadarshanagar,44301,A.P.O.,27.2237846,84.8264709
632,Parsa,Parbanipur,44303,A.P.O.,27.2237846,84.8264709
633,Parsa,Bindabasini,44304,A.P.O.,27.0369708,84.7869818
634,Parsa,Bahuari Pidari,44305,A.P.O.,27.1079074,84.8419465
635,Parsa,Shirsiya Khalwatola,44306,A.P.O.,27.2237846,84.8264709
636,Parsa,Biruwaguthi,44307,A.P.O.,27.2237846,84.8264709
637,Parsa,Pakahamainpur,44308,A.P.O.,27.2237846,84.8264709
638,Parsa,Phokhariya,44309,A.P.O.,27.2237846,84.8264709
639,Parsa,Ranigunj,44310,A.P.O.,27.2237846,84.8264709
640,Parsa,Paterwa Sugauli,44311,A.P.O.,27.1859344,84.7901876
641,Parsa,Viswa,44312,A.P.O.,27.2237846,84.8264709
642,Parsa,Janakitol,44313,A.P.O.,27.2237846,84.8264709
643,Parsa,Jeetpur,44314,A.P.O.,27.1357574,84.9558334
644,Parsa,Thori,44315,A.P.O.,27.300184,84.6663643
645,Pyuthan,Pyuthan,22300,D.P.O.,28.1275303,82.8494422
646,Pyuthan,Dakhaquadi,22301,A.P.O.,28.1198817,82.8299809
647,Pyuthan,Bhingri,22303,A.P.O.,28.1455248,82.7128818
648,Pyuthan,Wangesal,22304,A.P.O.,28.1198817,82.8299809
649,Pyuthan,Baraula,22305,A.P.O.,28.1198817,82.8299809
650,Pyuthan,Majuwa,22307,A.P.O.,28.1198817,82.8299809
651,Pyuthan,Machchhi,22308,A.P.O.,28.1198817,82.8299809
652,Pyuthan,Thulabesi,22309,A.P.O.,28.1906815,82.9813211
653,Pyuthan,Lungbahane,22310,A.P.O.,28.1198817,82.8299809
654,Pyuthan,Bijuwar,22311,A.P.O.,28.0991899,82.8598938
655,Pyuthan,Naya Gaun,22312,A.P.O.,28.1198817,82.8299809
656,Ramechhap,Ramechhap,45400,D.P.O.,27.3231683,86.0833712
657,Ramechhap,Those,45401,A.P.O.,27.5964422,86.2622171
658,Ramechhap,Duragaun,45402,A.P.O.,27.53695,86.2567909
659,Ramechhap,Betali,45403,A.P.O.,27.5225877,86.1692577
660,Ramechhap,Khimti,45404,A.P.O.,27.5438366,86.1621607
661,Ramechhap,Saghutar,45405,A.P.O.,27.53695,86.2567909
662,Ramechhap,Kathjor,45406,A.P.O.,27.53695,86.2567909
663,Ramechhap,Puranagaun,45408,A.P.O.,27.53695,86.2567909
664,Ramechhap,Doramba,45409,A.P.O.,27.5465665,85.9207189
665,Ramechhap,Hiledevi,45410,A.P.O.,27.53695,86.2567909
666,Ramechhap,Bhirpani,45411,A.P.O.,27.53695,86.2567909
667,Rasuwa,Rasuwa,45000,D.P.O.,27.9965975,85.2040513
668,Rasuwa,Dhaibung,45003,A.P.O.,28.0021505,85.2112403
669,Rasuwa,Ramkali,45004,A.P.O.,28.1753591,85.4776025
670,Rasuwa,Rasuwa,45007,A.P.O.,27.9965975,85.2040513
671,Rasuwa,Syaphru Besi,45009,A.P.O.,28.1753591,85.4776025
672,Rautahat,Rautahat,44500,D.P.O.,26.9568489,85.2935013
673,Rautahat,Saruatha,44502,A.P.O.,26.8255291,85.2914505
674,Rautahat,Pipra bazar,44503,A.P.O.,26.9889766,85.2828899
675,Rautahat,Madhopur,44504,A.P.O.,26.9889766,85.2828899
676,Rautahat,Rajpurpharahadawa,44506,A.P.O.,26.9889766,85.2828899
677,Rautahat,Patharabudhram,44508,A.P.O.,26.9889766,85.2828899
678,Rautahat,Sitalpur,44509,A.P.O.,26.9574528,85.1962239
679,Rautahat,Shivanagar,44510,A.P.O.,26.9889766,85.2828899
680,Rautahat,Laxminiya,44511,A.P.O.,26.9327888,85.2055054
681,Rautahat,Katahariya,44512,A.P.O.,26.9998273,85.2465123
682,Rautahat,Samanpur,44513,A.P.O.,27.0006881,85.3675968
683,Rautahat,Chandra Nigahapur,44515,A.P.O.,26.9889766,85.2828899
684,Rolpa,Rolpa,22100,D.P.O.,28.3294735,82.6044576
685,Rolpa,Khungri,22102,A.P.O.,28.2448292,82.6555405
686,Rolpa,Sirpa,22103,A.P.O.,28.2432366,82.8263276
687,Rolpa,Thawang,22106,A.P.O.,28.4594645,82.7402684
688,Rolpa,Himtakura,22107,A.P.O.,28.326429,82.6448791
689,Rolpa,Ghartigaun,22108,A.P.O.,28.2961199,82.4466247
690,Rolpa,Nerpa,22110,A.P.O.,28.3123148,82.4312901
691,Rolpa,Dahaban,22111,A.P.O.,28.326429,82.6448791
692,Rolpa,Shulichaur,22112,A.P.O.,28.326429,82.6448791
693,Rolpa,Jhenam (Holeri),22113,A.P.O.,28.326429,82.6448791
694,Rukum,Rukum,22000,D.P.O.,28.6416266,82.4526419
695,Rukum,Rukumkot,22002,A.P.O.,28.6254129,82.601069
696,Rukum,Riwangchaur,22004,A.P.O.,28.7565019,82.4283701
697,Rukum,Kol,22005,A.P.O.,28.5954952,82.7728806
698,Rukum,Peugha,22007,A.P.O.,28.7565019,82.4283701
699,Rukum,Chaurjahari,22008,A.P.O.,28.6372193,82.2520784
700,Rukum,Simli,22009,A.P.O.,28.6553404,82.3531851
701,Rukum,Radijyula,22010,A.P.O.,28.7565019,82.4283701
702,Rukum,Baphikot,22011,A.P.O.,28.6801872,82.4680208
703,Rupandehi,Rupandehi,32900,D.P.O.,27.6585011,83.4650611
704,Rupandehi,Siktahan,32901,A.P.O.,27.5618349,83.5402231
705,Rupandehi,Dhakadhai,32902,A.P.O.,27.5487735,83.4033527
706,Rupandehi,Manigram,32903,A.P.O.,27.6291742,83.4730967
707,Rupandehi,Kotihawa,32904,A.P.O.,27.570513,83.4687634
708,Rupandehi,Thutipipal,32905,A.P.O.,27.5487735,83.4033527
709,Rupandehi,Butwal,32907,A.P.O.,27.7003986,83.4657667
710,Rupandehi,Parroha,32908,A.P.O.,27.5487735,83.4033527
711,Rupandehi,Sauraha Pharsa,32909,A.P.O.,27.5487735,83.4033527
712,Rupandehi,Amuwa,32910,A.P.O.,27.5054725,83.533687
713,Rupandehi,Saljhandi,32911,A.P.O.,27.7045742,83.2714668
714,Rupandehi,Suryapura,32912,A.P.O.,27.5886432,83.3070269
715,Rupandehi,Tenuhawa,32913,A.P.O.,27.4915567,83.2596767
716,Rupandehi,Lumbini,32914,A.P.O.,27.4823137,83.2777522
717,Rupandehi,Betkuiya,32915,A.P.O.,27.4200134,83.3098068
718,Rupandehi,Mahadehiya,32916,A.P.O.,27.5487735,83.4033527
719,Salyan,Salyan,22200,D.P.O.,28.5373737,82.2621402
720,Salyan,Kalimati Kalche,22201,A.P.O.,28.3427726,81.92824
721,Salyan,Luham,22202,A.P.O.,28.2955487,82.2602194
722,Salyan,Dhanbang,22203,A.P.O.,28.2474845,82.3152236
723,Salyan,Mahaneta,22204,A.P.O.,28.44306,82.3838176
724,Salyan,Malneta,22207,A.P.O.,28.4068256,82.1675807
725,Salyan,Maidu,22208,A.P.O.,28.4068256,82.1675807
726,Salyan,Ragechour,22209,A.P.O.,28.4068256,82.1675807
727,Salyan,Bhalchaur,22210,A.P.O.,28.5360554,82.2728628
728,Salyan,Tharmare,22211,A.P.O.,28.450875,82.2804823
729,Sankhuwasabha,Sankhuwasabha,56900,D.P.O.,27.2388008,87.4299962
730,Sankhuwasabha,Hatiya,56901,A.P.O.,27.7366926,87.337921
731,Sankhuwasabha,Hedangana,56902,A.P.O.,27.5465807,87.2263852
732,Sankhuwasabha,Tamku,56903,A.P.O.,27.5465807,87.2263852
733,Sankhuwasabha,Chandanpur,56904,A.P.O.,27.5465807,87.2263852
734,Sankhuwasabha,Bahrabishe,56905,A.P.O.,27.5465807,87.2263852
735,Sankhuwasabha,Tumlingtar,56906,A.P.O.,27.317297,87.196861
736,Sankhuwasabha,Wana,56907,A.P.O.,27.3328163,87.3094713
737,Sankhuwasabha,Shidhakali,56908,A.P.O.,27.5465807,87.2263852
738,Sankhuwasabha,Madi,56909,A.P.O.,27.2518495,87.4104534
739,Sankhuwasabha,Ankhibhui,56910,A.P.O.,27.5465807,87.2263852
740,Sankhuwasabha,Mamling,56911,A.P.O.,27.5465807,87.2263852
741,Sankhuwasabha,Manebhanjyang,56912,A.P.O.,27.4103189,87.1880494
742,Sankhuwasabha,Chainpur,56913,A.P.O.,27.3089894,87.3983089
743,Saptari,Saptari,56400,D.P.O.,26.7297438,86.9365301
744,Saptari,Hanuman Nagar,56401,A.P.O.,26.5044827,86.8590707
745,Saptari,Bairaba,56402,A.P.O.,26.6071617,86.7493798
746,Saptari,Phattepur,56403,A.P.O.,26.735062,86.93232
747,Saptari,Kanchanpur,56404,A.P.O.,26.6416032,86.9147697
748,Saptari,Praswani,56405,A.P.O.,26.6071617,86.7493798
749,Saptari,Bhagawatpur,56406,A.P.O.,26.540329,86.830811
750,Saptari,Koiladi,56407,A.P.O.,26.4849536,86.809888
751,Saptari,Chhinnamasta,56408,A.P.O.,26.4654589,86.7304766
752,Saptari,Bishnupur,56409,A.P.O.,26.5029921,86.7258676
753,Saptari,Rupani,56411,A.P.O.,26.6348425,86.7424347
754,Saptari,Pato,56412,A.P.O.,26.5208199,86.6132692
755,Saptari,Arnaha,56413,A.P.O.,26.5746288,86.6428223
756,Saptari,Kalyanpur,56414,A.P.O.,26.6452471,86.6119959
757,Saptari,Bodebarsain,56415,A.P.O.,26.6071617,86.7493798
758,Saptari,Sisawa,56416,A.P.O.,26.6071617,86.7493798
759,Saptari,Kadarwona,56417,A.P.O.,26.6071617,86.7493798
760,Saptari,Bhardaha,56418,A.P.O.,26.5501194,86.8901477
761,Sarlahi,Sarlahi,45800,D.P.O.,27.0052031,85.4843296
762,Sarlahi,Lalbandi,45801,A.P.O.,27.0991297,85.6992529
763,Sarlahi,Bayalbas,45802,A.P.O.,27.0005466,85.6431484
764,Sarlahi,Haripurwa,45803,A.P.O.,26.9131356,85.684626
765,Sarlahi,Hariaun,45804,A.P.O.,27.088568,85.5442329
766,Sarlahi,Haripur,45805,A.P.O.,27.0139022,85.5417222
767,Sarlahi,Brahmapuri,45806,A.P.O.,26.8871981,85.5896153
768,Sarlahi,Kaudena,45809,A.P.O.,26.8512276,85.5036113
769,Sarlahi,Barahathawa,45810,A.P.O.,26.9830815,85.4570415
770,Sarlahi,Sundarpur,45811,A.P.O.,26.8862743,85.5033035
771,Sarlahi,Dumariya,45813,A.P.O.,26.9688183,85.5638757
772,Sarlahi,Karmaiya,45814,A.P.O.,27.1309268,85.4823855
773,Sarlahi,Harkathawa,45815,A.P.O.,26.9688183,85.5638757
774,Sarlahi,Ramnagar(Bahuarwa),45816,A.P.O.,26.8427878,85.3842641
775,Sarlahi,Chhatauna,45817,A.P.O.,26.9688183,85.5638757
776,Sindhuli,Sindhuli,45900,D.P.O.,27.2042794,85.9126894
777,Sindhuli,Solpa,45901,A.P.O.,27.2221257,86.3133074
778,Sindhuli,Bahun Tilpung,45902,A.P.O.,27.185192,86.0701393
779,Sindhuli,Dudhauli,45903,A.P.O.,27.185192,86.0701393
780,Sindhuli,Dakaha,45904,A.P.O.,27.0200282,86.1566664
781,Sindhuli,Gwaltar,45905,A.P.O.,27.2815638,86.0668014
782,Sindhuli,Khurkot,45906,A.P.O.,27.3306704,85.9936438
783,Sindhuli,Belghari,45907,A.P.O.,27.1362844,86.0562622
784,Sindhuli,Bhiman,45909,A.P.O.,27.1019963,85.9656172
785,Sindhuli,Jhanga Jholi,45910,A.P.O.,27.185192,86.0701393
786,Sindhuli,Netrakali,45911,A.P.O.,27.3502035,85.76802
787,Sindhuli,Kapilakot,45912,A.P.O.,27.2817953,85.7353139
788,Sindhuli,Pipalmadhiratanpur,45913,A.P.O.,27.185192,86.0701393
789,Sindhupalchok,Sindhupalchok,45300,D.P.O.,27.9735661,85.9639138
790,Sindhupalchok,Kodari,45301,A.P.O.,27.9722937,85.9625336
791,Sindhupalchok,Barabise,45302,A.P.O.,27.787806,85.899582
792,Sindhupalchok,Atarpur,45304,A.P.O.,27.671299,85.888695
793,Sindhupalchok,Lamosanghu,45305,A.P.O.,27.7561743,85.8456754
794,Sindhupalchok,Nawalpur,45306,A.P.O.,27.8124193,85.6249764
795,Sindhupalchok,Pangtang,45307,A.P.O.,27.9059127,85.7563055
796,Sindhupalchok,Jalbire,45308,A.P.O.,27.8211883,85.7768506
797,Sindhupalchok,Bhotsipa,45309,A.P.O.,27.9059127,85.7563055
798,Sindhupalchok,Melamchi Bahunepati,45310,A.P.O.,27.9059127,85.7563055
799,Sindhupalchok,Gyalthum,45311,A.P.O.,27.8816967,85.5411752
800,Sindhupalchok,Thangapaldhap,45312,A.P.O.,27.9059127,85.7563055
801,Sindhupalchok,Dubachaur,45313,A.P.O.,27.8422933,85.5692583
802,Sindhupalchok,Balephi,45314,A.P.O.,27.8652696,85.7544164
803,Siraha,Siraha,56500,D.P.O.,26.6518671,86.2161889
804,Siraha,Bastipur,56501,A.P.O.,26.7459717,86.4536972
805,Siraha,Lahan,56502,A.P.O.,26.7143868,86.481247
806,Siraha,Bhagawanpur,56503,A.P.O.,26.5856005,86.4684065
807,Siraha,Dhanagadhi,56504,A.P.O.,26.7416702,86.3494352
808,Siraha,Maheshpur patari,56505,A.P.O.,26.6790409,86.4020386
809,Siraha,Bariyarpatti,56506,A.P.O.,26.631386,86.3629271
810,Siraha,Golbazar (Asanpur),56508,A.P.O.,26.7416702,86.3494352
811,Siraha,Sukhipur,56509,A.P.O.,26.697237,86.3568123
812,Siraha,Bishnupur,56511,A.P.O.,26.7262788,86.2473245
813,Siraha,Belha,56512,A.P.O.,26.7416702,86.3494352
814,Siraha,Madar,56513,A.P.O.,26.6190338,86.1763742
815,Siraha,Mirchaiya,56515,A.P.O.,26.8321962,86.2448435
816,Siraha,Bandipur,56516,A.P.O.,26.8846911,86.1538335
817,Siraha,Kalyanpur,56517,A.P.O.,26.7544942,86.2029693
818,Solukhumbu,Solukhumbu,56000,D.P.O.,27.4908106,86.5810091
819,Solukhumbu,Namche Bazar,56002,A.P.O.,27.8041662,86.7097956
820,Solukhumbu,Sotang,56004,A.P.O.,27.517691,86.7751434
821,Solukhumbu,Jubu,56005,A.P.O.,27.7262537,86.7812043
822,Solukhumbu,Nele,56006,A.P.O.,27.4381897,86.6359842
823,Solukhumbu,Necha,56007,A.P.O.,27.35397,86.6409126
824,Solukhumbu,Shishakhola,56008,A.P.O.,27.7262537,86.7812043
825,Solukhumbu,Himaganga,56009,A.P.O.,27.7262537,86.7812043
826,Solukhumbu,Lukla,56010,A.P.O.,27.6889719,86.7306718
827,Sunsari,Sunsari,56700,D.P.O.,26.5528113,87.1742732
828,Sunsari,Mangalbare,56702,A.P.O.,26.818756,87.2641316
829,Sunsari,Chatara,56703,A.P.O.,26.8203203,87.1611255
830,Sunsari,Bakalauri,56704,A.P.O.,26.6410141,87.1378484
831,Sunsari,Itahari,56705,A.P.O.,26.6622505,87.2748964
832,Sunsari,Simariya,56706,A.P.O.,26.578382,87.237503
833,Sunsari,Duhabi,56707,A.P.O.,26.5523662,87.2424606
834,Sunsari,Chimadi,56708,A.P.O.,26.6410141,87.1378484
835,Sunsari,Jhumka,56709,A.P.O.,26.6717407,87.204981
836,Sunsari,Inarauwa,56710,A.P.O.,26.6410141,87.1378484
837,Sunsari,Aurabari,56711,A.P.O.,26.6410141,87.1378484
838,Sunsari,Dewangunj,56712,A.P.O.,26.6166946,87.1519223
839,Sunsari,Madhuvan,56713,A.P.O.,26.6410141,87.1378484
840,Sunsari,Laukahee,56714,A.P.O.,26.6410141,87.1378484
841,Sunsari,Bhutaha,56715,A.P.O.,26.6410141,87.1378484
842,Sunsari,Mahendra Nagar,56716,A.P.O.,26.7455712,87.136284
843,Sunsari,Chhitaha,56717,A.P.O.,26.5378394,87.1942591
844,Surkhet,Surkhet,21700,M.W.R.P.D.,28.5437401,81.6141057
845,Surkhet,Chhinchu,21701,A.P.O.,28.4591963,81.7187658
846,Surkhet,Ramghat,21702,A.P.O.,28.4873609,81.7409032
847,Surkhet,Sahare,21703,A.P.O.,28.3937824,81.8940435
848,Surkhet,Gumi,21704,A.P.O.,28.4962197,81.843591
849,Surkhet,Bheriganga,21705,A.P.O.,28.4709269,81.6770364
850,Surkhet,Matela,21706,A.P.O.,28.6573817,81.5137825
851,Surkhet,Garpan,21707,A.P.O.,28.6258091,81.7338483
852,Surkhet,Kunathari,21709,A.P.O.,28.6573817,81.5137825
853,Surkhet,Babiyachaur,21710,A.P.O.,28.7979483,81.3938521
854,Surkhet,Gutu,21711,A.P.O.,28.8427209,81.3213225
855,Syanja,Syangja,33800,D.P.O.,28.1001541,83.8707971
856,Syanja,Kolma,33802,A.P.O.,28.1001541,83.8707971
857,Syanja,Kichnas,33803,A.P.O.,28.1001541,83.8707971
858,Syanja,Jharkham,33804,A.P.O.,28.1001541,83.8707971
859,Syanja,Arjunchaupari,33805,A.P.O.,28.1001541,83.8707971
860,Syanja,Panchamul,33806,A.P.O.,28.1001541,83.8707971
861,Syanja,Rangethanti,33807,A.P.O.,28.1001541,83.8707971
862,Syanja,Fedikhola,33808,A.P.O.,28.1001541,83.8707971
863,Syanja,Bhumare,33811,A.P.O.,28.1001541,83.8707971
864,Syanja,Kyakmi,33812,A.P.O.,28.1001541,83.8707971
865,Syanja,Waidha Bhanjhyang,33813,A.P.O.,28.1001541,83.8707971
866,Syanja,Chapakot,33814,A.P.O.,28.1001541,83.8707971
867,Syanja,Galyang,33815,A.P.O.,28.1001541,83.8707971
868,Tanahun,Tanahun,33900,D.P.O.,28.0417627,84.3513418
869,Tanahun,Tuhure Pasal,33902,A.P.O.,27.9355079,84.223646
870,Tanahun,Manechauka,33903,A.P.O.,28.1248303,84.4059567
871,Tanahun,Bandipur,33904,A.P.O.,27.9380224,84.4066959
872,Tanahun,Aanbu Khaireni,33905,A.P.O.,27.8795803,84.4762425
873,Tanahun,Baidi,33906,A.P.O.,27.8776504,83.9606046
874,Tanahun,Kahunshivapur,33907,A.P.O.,27.9355079,84.223646
875,Tanahun,Rising Ranipokhari,33908,A.P.O.,27.9355079,84.223646
876,Tanahun,Ghiring Sundhara,33909,A.P.O.,27.9355079,84.223646
877,Tanahun,Bhimad,33910,A.P.O.,27.9782999,84.0797914
878,Tanahun,Lamagaun,33911,A.P.O.,27.9355079,84.223646
879,Tanahun,Khairenitar,33912,A.P.O.,28.0258265,84.0903075
880,Tanahun,Shisha Ghat,33913,A.P.O.,27.9355079,84.223646
881,Tanahun,Dumre,33914,A.P.O.,27.9631254,84.4096781
882,Tanahun,Devaghat,33915,A.P.O.,27.9355079,84.223646
883,Taplajung,Khewang,57501,A.P.O.,,
884,Taplajung,Sadeba,57502,A.P.O.,,
885,Taplajung,Thokimba,57509,A.P.O.,,
886,Taplajung,Dobhan,57510,A.P.O.,,
887,Taplejung,Taplejung,57500,D.P.O.,27.3586978,87.6727257
888,Taplejung,Sinam,57503,A.P.O.,27.3093134,87.8244817
889,Taplejung,Pedang,57504,A.P.O.,27.3586978,87.6727257
890,Taplejung,Thechambu,57505,A.P.O.,27.3035363,87.7474488
891,Taplejung,Siwang,57506,A.P.O.,27.3586978,87.6727257
892,Taplejung,Khokling,57507,A.P.O.,27.3586978,87.6727257
893,Taplejung,Olangchunggola,57508,A.P.O.,27.3586978,87.6727257
894,Taplejung,Change,57511,A.P.O.,27.3586978,87.6727257
895,Taplejung,Hangpang,57512,A.P.O.,27.3586978,87.6727257
896,Terhathum,Terhathum,57100,D.P.O.,27.7352668,85.309135
897,Terhathum,Jirikhimti,57102,A.P.O.,27.7352668,85.309135
898,Terhathum,Tinjure,57103,A.P.O.,27.7352668,85.309135
899,Terhathum,Basantapur,57104,A.P.O.,27.7352668,85.309135
900,Terhathum,Sudap,57105,A.P.O.,27.7352668,85.309135
901,Terhathum,Hamarjung,57106,A.P.O.,27.7352668,85.309135
902,Terhathum,Morahang,57107,A.P.O.,27.7352668,85.309135
903,Terhathum,Pokalawang,57108,A.P.O.,27.7352668,85.309135
904,Terhathum,Mulpani,57110,A.P.O.,27.7352668,85.309135
905,Terhathum,Iwa,57111,A.P.O.,27.7352668,85.309135
906,Udayapur,Udayapur,56300,D.P.O.,26.8112565,86.880115
907,Udayapur,Ratapani (Thoksila),56301,A.P.O.,26.9328236,86.5196953
908,Udayapur,Beltar,56302,A.P.O.,26.8112565,86.880115
909,Udayapur,Hadiya,56303,A.P.O.,26.7809038,86.8273022
910,Udayapur,Pokhari,56305,A.P.O.,26.7875122,86.8700538
911,Udayapur,Baraha,56306,A.P.O.,26.9328236,86.5196953
912,Udayapur,Bhutar,56307,A.P.O.,26.9328236,86.5196953
913,Udayapur,Rampur Jhilke,56308,A.P.O.,26.9328236,86.5196953
914,Udayapur,Udayapur Gadhi,56309,A.P.O.,26.9328236,86.5196953
915,Udayapur,Katari,56310,A.P.O.,27.021951,86.42089
916,Udayapur,Sorung Chhabise,56311,A.P.O.,26.9328236,86.5196953
917,Udayapur,Rauta Murkuchi,56312,A.P.O.,26.9328236,86.5196953
